{
  "USDAED": 3.672978,
  "USDAFN": 77.000009,
  "USDALL": 103.950102,
  "USDAMD": 508.209994,
  "USDANG": 1.794919,
  "USDAOA": 652.645006,
  "USDARS": 81.036402,
  "USDAUD": 1.353226,
  "USDAWG": 1.8,
  "USDAZN": 1.701138,
  "USDBAM": 1.64037,
  "USDBBD": 2.019022,
  "USDBDT": 84.792881,
  "USDBGN": 1.635798,
  "USDBHD": 0.377014,
  "USDBIF": 1942,
  "USDBMD": 1,
  "USDBND": 1.33841,
  "USDBOB": 6.904832,
  "USDBRL": 5.3457,
  "USDBSD": 0.999992,
  "USDBTC": 5.9761487e-5,
  "USDBTN": 74.030076,
  "USDBWP": 11.037398,
  "USDBYN": 2.588672,
  "USDBYR": 19600,
  "USDBZD": 2.015667,
  "USDCAD": 1.298445,
  "USDCDF": 1970.999996,
  "USDCHF": 0.904395,
  "USDCLF": 0.027833,
  "USDCLP": 768.101933,
  "USDCNY": 6.577035,
  "USDCOP": 3605.9,
  "USDCRC": 602.972381,
  "USDCUC": 1,
  "USDCUP": 26.5,
  "USDCVE": 92.819832,
  "USDCZK": 21.906801,
  "USDDJF": 178.024172,
  "USDDKK": 6.22305,
  "USDDOP": 58.250081,
  "USDDZD": 129.000253,
  "USDEGP": 15.638296,
  "USDERN": 14.999695,
  "USDETB": 37.970228,
  "USDEUR": 0.836235,
  "USDFJD": 2.080073,
  "USDFKP": 0.750929,
  "USDGBP": 0.750825,
  "USDGEL": 3.310027,
  "USDGGP": 0.750929,
  "USDGHS": 5.830013,
  "USDGIP": 0.750929,
  "USDGMD": 51.796498,
  "USDGNF": 9805.000023,
  "USDGTQ": 7.81483,
  "USDGYD": 209.358304,
  "USDHKD": 7.75063,
  "USDHNL": 24.280215,
  "USDHRK": 6.3189,
  "USDHTG": 65.727034,
  "USDHUF": 302.332005,
  "USDIDR": 14147.6,
  "USDILS": 3.31443,
  "USDIMP": 0.750929,
  "USDINR": 74.015497,
  "USDIQD": 1190,
  "USDIRR": 42105.000006,
  "USDISK": 132.969564,
  "USDJEP": 0.750929,
  "USDJMD": 146.536555,
  "USDJOD": 0.708991,
  "USDJPY": 104.031041,
  "USDKES": 110.049657,
  "USDKGS": 84.798401,
  "USDKHR": 4045.000027,
  "USDKMF": 413.624966,
  "USDKPW": 900.050627,
  "USDKRW": 1104.630231,
  "USDKWD": 0.305501,
  "USDKYD": 0.83334,
  "USDKZT": 424.528856,
  "USDLAK": 9279.999828,
  "USDLBP": 1518.999893,
  "USDLKR": 185.295351,
  "USDLRD": 157.25013,
  "USDLSL": 15.279435,
  "USDLTL": 2.95274,
  "USDLVL": 0.604891,
  "USDLYD": 1.355012,
  "USDMAD": 9.087989,
  "USDMDL": 17.249541,
  "USDMGA": 3825.000193,
  "USDMKD": 51.676997,
  "USDMMK": 1314.966997,
  "USDMNT": 2835.130511,
  "USDMOP": 7.982907,
  "USDMRO": 357.000515,
  "USDMUR": 39.85002,
  "USDMVR": 15.409811,
  "USDMWK": 762.498008,
  "USDMXN": 20.07804,
  "USDMYR": 4.087501,
  "USDMZN": 74.160103,
  "USDNAD": 15.279986,
  "USDNGN": 381.498945,
  "USDNIO": 34.869515,
  "USDNOK": 8.83883,
  "USDNPR": 118.448222,
  "USDNZD": 1.422902,
  "USDOMR": 0.384973,
  "USDPAB": 0.999992,
  "USDPEN": 3.603981,
  "USDPGK": 3.5175,
  "USDPHP": 48.173006,
  "USDPKR": 159.549963,
  "USDPLN": 3.75105,
  "USDPYG": 7047.915391,
  "USDQAR": 3.64125,
  "USDRON": 4.077199,
  "USDRSD": 98.320027,
  "USDRUB": 75.997009,
  "USDRWF": 985,
  "USDSAR": 3.750423,
  "USDSBD": 8.02131,
  "USDSCR": 20.809012,
  "USDSDG": 55.324981,
  "USDSEK": 8.49963,
  "USDSGD": 1.3377,
  "USDSHP": 0.750929,
  "USDSLL": 10085.000196,
  "USDSOS": 582.999984,
  "USDSRD": 14.154013,
  "USDSTD": 21031.906016,
  "USDSVC": 8.750241,
  "USDSYP": 512.933059,
  "USDSZL": 15.279499,
  "USDTHB": 30.269862,
  "USDTJS": 11.327255,
  "USDTMT": 3.51,
  "USDTND": 2.734497,
  "USDTOP": 2.28945,
  "USDTRY": 7.8145,
  "USDTTD": 6.784309,
  "USDTWD": 28.522505,
  "USDTZS": 2318.944016,
  "USDUAH": 28.506764,
  "USDUGX": 3699.87671,
  "USDUSD": 1,
  "USDUYU": 42.613918,
  "USDUZS": 10420.000254,
  "USDVEF": 9.987502,
  "USDVND": 23161.5,
  "USDVUV": 111.406539,
  "USDWST": 2.557933,
  "USDXAF": 550.156419,
  "USDXAG": 0.0441,
  "USDXAU": 0.00056,
  "USDXCD": 2.70255,
  "USDXDR": 0.701579,
  "USDXOF": 551.999868,
  "USDXPF": 100.650029,
  "USDYER": 250.350188,
  "USDZAR": 15.25513,
  "USDZMK": 9001.200316,
  "USDZMW": 21.011985,
  "USDZWL": 321.999941
}